<?xml version="1.0" encoding="UTF-8" standalone="no" ?>
<SimscapeMultibodyImportXML version="2.0" xmlns="urn:mathworks:SimscapeMultibody:import" xmlns:xsi="http://www.w3.org/2001/XMLSchema-instance">
<Created by="" on="11/12/16||22:13:17" using="Simscape Multibody Link Version 4.8" from="SolidWorks 24.2.0"/>
<ModelUnits mass="kilogram" length="millimeter"/>
<DataUnits mass="kilogram" length="meter"/>
<RootAssembly name="Assem1" uid="Assem1" version="269">
<AssemblyFile name="Assem1.SLDASM" type="SolidWorks Assembly"/>
<InstanceTree>
<Instance name="Part1-1" uid="Part1-1" grounded="true" entityUid="Part1*:*Default">
<Transform>
<Rotation>1 0 0 0 0 -1 0 1 0</Rotation>
<Translation>0.02731122352882168 0.10405104487715496 0</Translation>
</Transform>
</Instance>
<Instance name="Part4-1" uid="Part4-1" entityUid="Part4*:*Default">
<Transform>
<Rotation>0.9812066823673723 -1.0468955721137062e-016 -0.19295970169342191 -0.19295970169342183 0 -0.98120668236737241 0 1.0000000000000002 -1.009022636813505e-016</Rotation>
<Translation>0.1382325778252928 0.11892726700836276 0.060500000000000026</Translation>
</Transform>
</Instance>
<Instance name="Part3-1" uid="Part3-1" entityUid="Part3*:*Default">
<Transform>
<Rotation>0.98120668236737241 1.1258716050837844e-016 0.19295970169342191 -0.19295970169342186 0 0.98120668236737274 0 -1 1.1102230246251565e-016</Rotation>
<Translation>0.0096163999507753936 0.10753082945312167 0.080500000000000016</Translation>
</Transform>
</Instance>
<Instance name="Part2-1" uid="Part2-1" entityUid="Part2*:*Default">
<Transform>
<Rotation>-0.98120668236737252 0 0.19295970169342108 0.19295970169342108 0 0.98120668236737252 0 1 0</Rotation>
<Translation>0.02731122352882168 0.10405104487715494 0.023</Translation>
</Transform>
</Instance>
</InstanceTree>
<Constraints>
<Concentric name="Concentric1">
<ConstraintGeometry geomType="cylinder">
<InstancePath>
<Uid>Part1-1</Uid>
</InstancePath>
<Position>0 0.028000000000000001 0</Position>
<Axis>0 -1 0</Axis>
</ConstraintGeometry>
<ConstraintGeometry geomType="cylinder">
<InstancePath>
<Uid>Part2-1</Uid>
</InstancePath>
<Position>0 0.005000000000000001 0</Position>
<Axis>0 -1 0</Axis>
</ConstraintGeometry>
</Concentric>
<Coincident name="Coincident10">
<ConstraintGeometry geomType="plane">
<InstancePath>
<Uid>Part1-1</Uid>
</InstancePath>
<Position>0 0.028000000000000001 0</Position>
<Axis>0 1 0</Axis>
</ConstraintGeometry>
<ConstraintGeometry geomType="plane">
<InstancePath>
<Uid>Part2-1</Uid>
</InstancePath>
<Position>0 0.005000000000000001 0</Position>
<Axis>0 -1 0</Axis>
</ConstraintGeometry>
</Coincident>
<Concentric name="Concentric2">
<ConstraintGeometry geomType="cylinder">
<InstancePath>
<Uid>Part2-1</Uid>
</InstancePath>
<Position>0 0.037499999999999999 -0.036999999999999991</Position>
<Axis>0 0 1</Axis>
</ConstraintGeometry>
<ConstraintGeometry geomType="cylinder">
<InstancePath>
<Uid>Part3-1</Uid>
</InstancePath>
<Position>0.018033737331826675 0.020000000000000011 -0.057000000000000051</Position>
<Axis>0 0 1.0000000000000004</Axis>
</ConstraintGeometry>
</Concentric>
<Coincident name="Coincident11">
<ConstraintGeometry geomType="plane">
<InstancePath>
<Uid>Part2-1</Uid>
</InstancePath>
<Position>0.037999999999999985 0.075000000000000011 -0.032000000000000015</Position>
<Axis>0 0 -1</Axis>
</ConstraintGeometry>
<ConstraintGeometry geomType="plane">
<InstancePath>
<Uid>Part3-1</Uid>
</InstancePath>
<Position>0 0.040000000000000015 -0.032000000000000042</Position>
<Axis>0 0 1.0000000000000004</Axis>
</ConstraintGeometry>
</Coincident>
<Concentric name="Concentric3">
<ConstraintGeometry geomType="cylinder">
<InstancePath>
<Uid>Part3-1</Uid>
</InstancePath>
<Position>0.129 0.020000000000000011 0</Position>
<Axis>-1 0 0</Axis>
</ConstraintGeometry>
<ConstraintGeometry geomType="cylinder">
<InstancePath>
<Uid>Part4-1</Uid>
</InstancePath>
<Position>0.0050000000000000322 0 0.036000000000000004</Position>
<Axis>-1 0 0</Axis>
</ConstraintGeometry>
</Concentric>
<Coincident name="Coincident12">
<ConstraintGeometry geomType="plane">
<InstancePath>
<Uid>Part3-1</Uid>
</InstancePath>
<Position>0.129 0.020000000000000011 0</Position>
<Axis>1 0 0</Axis>
</ConstraintGeometry>
<ConstraintGeometry geomType="plane">
<InstancePath>
<Uid>Part4-1</Uid>
</InstancePath>
<Position>0.0050000000000000322 0 0.036000000000000004</Position>
<Axis>-1 0 0</Axis>
</ConstraintGeometry>
</Coincident>
</Constraints>
</RootAssembly>
<Assemblies>
</Assemblies>
<Parts>
<Part name="Part1" uid="Part1*:*Default" version="139">
<ModelUnits mass="kilogram" length="millimeter"/>
<PartFile name="Part1.SLDPRT" type="SolidWorks Part"/>
<MassProperties>
<Mass>0.0598701951374404</Mass>
<CenterOfMass>0 0.015347625119540957 0</CenterOfMass>
<Inertia>2.6553364693519512e-005 4.6975861796643274e-005 2.6553364693519498e-005 0 0 0</Inertia>
</MassProperties>
<GeometryFile name="Part1_Default_sldprt.STEP" type="STEP"/>
<VisualProperties>
<Ambient r="0.89803921568627454" g="0.91764705882352937" b="0.92941176470588238" a="1"/>
<Diffuse r="0.89803921568627454" g="0.91764705882352937" b="0.92941176470588238" a="1"/>
<Specular r="0.44901960784313727" g="0.45882352941176469" b="0.46470588235294119" a="1"/>
<Emissive r="0" g="0" b="0" a="1"/>
<Shininess>0.3125</Shininess>
</VisualProperties>
</Part>
<Part name="Part2" uid="Part2*:*Default" version="144">
<ModelUnits mass="kilogram" length="millimeter"/>
<PartFile name="Part2.SLDPRT" type="SolidWorks Part"/>
<MassProperties>
<Mass>0.16480766714075759</Mass>
<CenterOfMass>-3.9610468720518972e-007 0.028387331471118157 -3.5780557489482401e-007</CenterOfMass>
<Inertia>0.00010345343212651166 8.805778123163704e-005 9.966050920528039e-005 1.4751755265276869e-009 -2.4214533395837955e-009 3.3352246168346225e-009</Inertia>
</MassProperties>
<GeometryFile name="Part2_Default_sldprt.STEP" type="STEP"/>
<VisualProperties>
<Ambient r="0" g="1" b="0" a="1"/>
<Diffuse r="0" g="1" b="0" a="1"/>
<Specular r="0" g="0.5" b="0" a="1"/>
<Emissive r="0" g="0" b="0" a="1"/>
<Shininess>0.40000000596046448</Shininess>
</VisualProperties>
</Part>
<Part name="Part3" uid="Part3*:*Default" version="129">
<ModelUnits mass="kilogram" length="millimeter"/>
<PartFile name="Part3.SLDPRT" type="SolidWorks Part"/>
<MassProperties>
<Mass>0.290589010000112</Mass>
<CenterOfMass>0.082771230248715244 0.020000000000000004 0</CenterOfMass>
<Inertia>0.00017509017560249444 0.00042571617469609507 0.00031043474408983673 0 0 0</Inertia>
</MassProperties>
<GeometryFile name="Part3_Default_sldprt.STEP" type="STEP"/>
<VisualProperties>
<Ambient r="0.89803921568627454" g="0.91764705882352937" b="0.92941176470588238" a="1"/>
<Diffuse r="0.89803921568627454" g="0.91764705882352937" b="0.92941176470588238" a="1"/>
<Specular r="0.44901960784313727" g="0.45882352941176469" b="0.46470588235294119" a="1"/>
<Emissive r="0" g="0" b="0" a="1"/>
<Shininess>0.3125</Shininess>
</VisualProperties>
</Part>
<Part name="Part4" uid="Part4*:*Default" version="151">
<ModelUnits mass="kilogram" length="millimeter"/>
<PartFile name="Part4.SLDPRT" type="SolidWorks Part"/>
<MassProperties>
<Mass>0.034816428826070549</Mass>
<CenterOfMass>0.0071403319234488987 0 0.035999999999999997</CenterOfMass>
<Inertia>2.0234655319401032e-005 1.790541866278181e-005 5.9051468232925022e-006 0 0 0</Inertia>
</MassProperties>
<GeometryFile name="Part4_Default_sldprt.STEP" type="STEP"/>
<VisualProperties>
<Ambient r="0" g="0" b="1" a="0.31999999999999995"/>
<Diffuse r="0" g="0" b="1" a="0.31999999999999995"/>
<Specular r="0" g="0" b="0.69999998807907104" a="0.31999999999999995"/>
<Emissive r="0" g="0" b="0" a="0.31999999999999995"/>
<Shininess>0.10000000149011612</Shininess>
</VisualProperties>
</Part>
</Parts>
</SimscapeMultibodyImportXML>
